2305195,738,706,19
2305206,716,706,20
2305216,705,706,20
2305226,714,707,20
2305236,710,707,20
2305246,708,707,20
2305257,713,707,20
2305267,704,707,20
2305277,711,707,20
2305287,710,707,20
2305297,704,707,20
2305308,710,707,20
2305318,703,707,20
2305328,708,707,20
2305338,710,707,20
2305348,702,707,20
2305359,709,707,20
2305369,703,707,20
2305379,705,707,20
2305389,710,707,20
2305399,700,707,20
2305410,711,707,20
2305420,709,707,20
2305430,706,707,20
2305440,713,707,20
2305450,704,707,20
2305461,711,707,20
2305471,711,707,20
2305481,707,707,20
2305491,709,707,20
2305502,702,707,20
2305512,706,707,20
2305522,709,707,20
2305532,700,707,20
2305542,710,707,20
2305553,706,707,20
2305563,708,707,20
2305573,711,707,20
2305583,703,707,20
2305593,709,707,20
2305604,709,707,20
2305614,706,707,20
2305624,712,707,20
2305634,704,707,20
2305644,710,707,20
2305655,712,707,20
2305665,704,707,20
2305675,713,707,20
2305685,706,707,20
2305695,708,707,20
2305706,712,707,20
2305716,704,707,20
2305726,711,707,20
2305736,709,707,20
2305746,707,707,20
2305757,712,707,20
2305767,703,707,20
2305777,710,707,20
2305787,710,707,20
2305797,705,707,20
2305808,712,707,20
2305818,704,707,20
2305828,709,707,20
2305838,710,707,20
2305848,701,707,20
2305859,710,707,20
2305869,704,707,20
2305879,706,707,20
2305889,709,707,20
2305899,699,707,20
2305910,708,707,20
2305920,706,707,20
2305930,703,707,20
2305940,708,707,20
2305950,701,707,20
2305961,706,707,20
2305971,708,707,20
2305981,701,707,20
2305991,709,707,20
2306001,703,707,20
2306012,708,707,20
2306022,711,707,20
2306032,702,707,20
2306042,710,707,20
2306052,707,707,20
2306063,707,707,20
2306073,711,707,20
2306083,704,707,20
2306093,708,707,20
2306103,708,707,20
2306114,703,707,20
2306124,709,707,20
2306134,701,707,20
2306144,708,707,20
2306155,712,707,20
2306165,702,707,21
2306175,710,707,21
2306185,704,707,20
2306195,708,707,20
2306206,711,707,20
2306216,701,707,21
2306226,710,707,21
2306236,707,707,20
2306246,705,707,20
2306257,713,707,20
2306267,704,707,21
2306277,709,707,20
2306287,708,707,20
2306297,704,707,20
2306308,711,707,20
2306318,704,707,20
2306328,708,707,20
2306338,711,707,20
2306348,703,707,20
2306359,711,707,20
2306369,706,707,20
2306379,705,707,20
2306389,710,707,20
2306399,701,707,21
2306410,710,707,21
2308900,717,707,13
2308910,713,707,13
2308920,711,707,13
2308931,703,707,13
2308941,709,707,13
2308951,702,707,13
2308961,708,707,13
2308971,711,707,13
2308982,703,707,13
2308992,711,707,13
2309002,706,707,13
2309012,707,707,13
2309022,711,707,13
2309033,703,707,13
2309043,710,707,13
2309053,710,707,13
2309063,707,707,13
2309073,711,707,13
2309084,703,707,13
2309094,710,707,13
2309104,711,707,13
2309114,704,707,12
2309124,712,707,13
2309135,705,707,13
2309145,709,707,12
2309155,713,707,13
2309165,704,707,13
2309175,710,707,13
2309186,707,707,13
2309196,705,707,13
2309206,710,707,12
2309216,702,707,13
2309226,708,707,13
2309237,707,707,12
2309247,702,707,12
2309257,710,707,12
2309267,702,707,13
2309277,705,707,12
2309288,709,707,12
2309298,700,707,13
2309308,709,707,13
2309318,703,707,13
2309328,707,707,13
2309339,710,707,13
2309349,703,707,13
2309359,710,707,13
2309369,707,707,12
2309379,705,707,12
2309390,711,707,12
2309400,704,707,12
2309410,710,707,12
2309420,709,707,12
2309430,704,707,12
2309441,712,707,12
2309451,705,707,12
2309461,709,707,12
2309471,711,707,12
2309482,701,707,12
2309492,709,707,12
2309502,705,707,12
2309512,705,707,12
2309522,708,707,12
2309533,700,706,13
2309543,708,706,13
2309553,706,706,13
2309563,702,706,13
2309573,712,706,13
2309584,704,706,13
2309594,709,706,13
2309604,712,707,12
2309614,703,707,12
2309624,710,707,12
2309635,704,707,12
2309645,706,707,12
2309655,709,707,12
2309665,701,707,12
2309675,707,707,12
2309686,706,707,12
2309696,705,707,12
2309706,708,707,12
2309716,702,707,12
2309726,706,707,12
2309737,707,707,12
2309747,702,707,12
2309757,709,707,12
2309767,701,706,13
2309777,707,706,13
2309788,709,706,13
2309798,703,706,13
2309808,710,706,13
2309818,706,706,13
2309828,708,706,13
2309839,711,707,12
2309849,703,707,12
2309859,711,707,12
2309869,708,707,12
2309879,706,707,12
2309890,713,707,12
2309900,704,707,12
2309910,709,707,12
2309920,710,707,12
2309930,705,707,12
2309941,710,707,12
2309951,703,707,12
2309961,706,707,12
2309971,710,707,12
2309982,700,707,12
2309992,709,707,12
2310002,703,707,12
2310012,704,706,13
2310022,711,707,12
2310033,704,706,13
2310043,709,706,13
2310053,707,706,13
2310063,705,706,13
2310073,712,706,13
2310084,703,706,13
2310094,708,706,13
2310104,709,707,12
2310114,702,706,13
2312604,717,706,13
2312614,703,706,12
2312624,708,706,12
2312635,706,706,12
2312645,708,706,12
2312655,711,706,12
2312665,704,706,12
2312675,710,706,12
2312686,709,706,12
2312696,706,706,12
2312706,712,706,12
2312716,706,706,12
2312726,708,706,12
2312737,710,706,12
2312747,705,706,12
2312757,712,706,12
2312767,705,706,12
2312777,708,706,12
2312788,710,706,12
2312798,702,706,12
2312808,708,706,12
2312818,705,706,12
2312829,706,706,12
2312839,709,706,12
2312849,701,706,12
2312859,707,706,11
2312869,708,706,11
2312880,701,706,11
2312890,708,706,11
2312900,702,706,12
2312910,707,706,11
2312920,708,706,11
2312931,701,706,11
2312941,709,706,12
2312951,702,706,12
2312961,705,706,11
2312971,709,706,11
2312982,702,706,11
2312992,711,706,12
2313002,706,706,11
2313012,706,706,11
2313022,712,706,11
2313033,704,706,12
2313043,710,706,12
2313053,710,706,12
2313063,706,706,11
2313073,709,706,11
2313084,701,706,12
2313094,707,706,11
2313104,708,706,11
2313114,701,706,12
2313124,708,706,12
2313135,704,706,12
2313145,708,706,11
2313155,710,706,11
2313165,702,706,11
2313175,709,706,11
2313186,708,706,11
2313196,706,706,11
2313206,713,706,11
2313216,705,706,11
2313226,709,706,12
2313237,711,706,11
2313247,705,706,11
2313257,712,706,12
2313267,704,706,12
2313277,709,706,11
2313288,710,706,11
2313298,703,706,11
2313308,708,706,11
2313318,706,706,11
2313329,705,706,11
2313339,709,706,11
2313349,701,706,11
2313359,707,706,11
2313369,706,706,11
2313380,702,706,11
2313390,709,706,11
2313400,703,706,11
2313410,707,706,11
2313420,709,706,11
2313431,702,706,11
2313441,710,706,11
2313451,704,706,11
2313461,706,706,11
2313471,707,706,11
2313482,699,706,11
2313492,709,706,11
2313502,706,706,11
2313512,705,706,11
2313522,710,706,11
2313533,703,706,11
2313543,710,706,11
2313553,710,706,11
2313563,705,706,11
2313573,712,706,11
2313584,704,706,11
2313594,710,706,11
2313604,712,706,11
2313614,705,706,11
2313624,709,706,11
2313635,703,706,11
2313645,707,706,11
2313655,710,706,11
2313665,701,706,12
2313675,710,706,12
2313686,708,706,11
2313696,706,706,11
2313706,711,706,11
2313716,704,706,11
2313726,709,706,11
2313737,710,706,11
2313747,704,706,11
2313757,712,706,12
2313767,704,706,12
2313777,709,706,11
2313788,711,706,12
2313798,704,706,12
2313808,712,706,12
2313818,707,706,12
2316308,721,707,11
2316318,709,707,11
2316328,710,707,11
2316338,710,707,11
2316349,702,707,12
2316359,710,707,12
2316369,709,707,12
2316379,706,707,12
2316390,711,707,12
2316400,704,707,12
2316410,710,707,12
2316420,714,707,12
2316430,706,707,12
2316441,712,707,12
2316451,705,707,12
2316461,710,707,12
2316471,712,707,12
2316481,703,707,12
2316492,713,707,12
2316502,708,707,12
2316512,708,707,12
2316522,713,707,13
2316532,704,707,13
2316543,710,707,13
2316553,709,707,12
2316563,704,707,12
2316573,710,707,13
2316583,702,707,12
2316594,707,707,12
2316604,709,707,12
2316614,703,707,12
2316624,709,707,12
2316634,703,707,12
2316645,706,707,12
2316655,710,707,12
2316665,700,707,12
2316675,708,707,12
2316685,705,707,12
2316696,704,707,12
2316706,709,707,12
2316716,701,707,13
2316726,707,707,12
2316736,708,707,12
2316747,703,707,12
2316757,710,707,12
2316767,702,707,13
2316777,706,707,12
2316787,709,707,12
2316798,701,707,13
2316808,708,707,13
2316818,705,707,12
2316828,706,707,12
2316838,710,707,12
2316849,704,707,12
2316859,711,707,12
2316869,709,707,12
2316879,705,707,12
2316889,712,707,12
2316900,704,707,12
2316910,710,707,12
2316920,710,707,12
2316930,704,707,12
2316940,710,707,12
2316951,704,707,12
2316961,706,707,12
2316971,710,707,12
2316981,699,707,13
2316992,712,707,13
2317002,708,707,13
2317012,707,707,13
2317022,711,707,13
2317032,703,707,13
2317043,711,707,13
2317053,709,707,13
2317063,705,707,13
2317073,711,707,13
2317083,704,707,13
2317094,709,707,13
2317104,713,707,13
2317114,700,707,13
2317124,713,707,14
2317134,704,707,13
2317145,707,707,13
2317155,708,707,13
2317165,700,707,14
2317175,709,707,14
2317185,704,707,13
2317196,704,707,13
2317206,709,707,13
2317216,701,707,14
2317226,707,707,13
2317236,709,707,13
2317247,701,707,14
2317257,708,707,14
2317267,701,707,14
2317277,705,707,14
2317287,709,707,14
2317298,700,707,14
2317308,707,707,14
2317318,703,707,14
2317328,705,707,14
2317338,708,707,14
2317349,701,707,14
2317359,708,707,14
2317369,706,707,14
2317379,703,707,14
2317389,711,707,14
2317400,703,707,14
2317410,708,707,14
2317420,710,707,14
2317430,704,707,14
2317440,711,707,14
2317451,706,707,14
2317461,709,707,14
2317471,712,707,14
2317481,702,707,14
2317491,712,707,14
2317502,707,707,14
2317512,705,707,14
2317522,709,707,14
2320012,721,707,14
2320022,715,707,14
2320032,705,707,14
2320043,709,707,14
2320053,707,707,14
2320063,703,707,14
2320073,710,707,14
2320083,703,707,14
2320094,709,706,15
2320104,711,707,14
2320114,704,706,15
2320124,712,706,15
2320134,706,706,15
2320145,709,706,15
2320155,712,707,14
2320165,704,706,15
2320175,710,706,15
2320185,710,707,14
2320196,706,706,14
2320206,713,706,15
2320216,704,706,15
2320226,710,706,15
2320236,711,706,15
2320247,706,706,15
2320257,712,706,15
2320267,704,706,15
2320277,709,706,15
2320287,712,707,14
2320298,702,707,14
2320308,709,707,14
2320318,705,707,14
2320328,707,707,14
2320338,710,707,14
2320349,703,707,14
2320359,710,707,14
2320369,708,707,14
2320379,705,707,14
2320389,712,707,14
2320400,705,707,14
2320410,709,707,14
2320420,712,707,14
2320430,705,707,14
2320441,711,707,14
2320451,704,707,14
2320461,707,707,14
2320471,709,707,13
2320481,700,707,14
2320492,710,707,14
2320502,707,707,14
2320512,706,707,14
2320522,711,707,14
2320532,704,707,14
2320543,709,707,14
2320553,709,707,14
2320563,705,707,14
2320573,712,707,14
2320583,706,707,14
2320594,709,707,14
2320604,711,707,14
2320614,704,707,14
2320624,711,707,14
2320634,706,707,14
2320645,708,707,14
2320655,710,707,14
2320665,703,707,14
2320675,709,707,14
2320685,706,707,13
2320696,703,707,13
2320706,710,707,13
2320716,701,707,13
2320726,708,707,13
2320736,708,707,13
2320747,702,707,13
2320757,708,707,13
2320767,702,707,13
2320777,707,707,13
2320787,708,707,13
2320798,700,707,14
2320808,708,707,13
2320818,704,707,13
2320828,706,707,13
2320838,708,707,13
2320849,703,707,13
2320859,710,707,13
2320869,710,707,12
2320879,706,707,12
2320890,712,707,13
2320900,705,707,13
2320910,709,707,13
2320920,712,707,12
2320930,704,707,12
2320941,708,707,12
2320951,701,707,12
2320961,705,707,12
2320971,707,707,12
2320981,700,707,13
2320992,709,707,13
2321002,707,707,12
2321012,707,707,12
2321022,711,707,12
2321032,704,707,12
2321043,711,707,12
2321053,709,707,12
2321063,706,707,12
2321073,711,707,12
2321083,704,707,12
2321094,709,707,12
2321104,712,707,12
2321114,703,707,12
2321124,711,707,12
2321134,705,707,12
2321145,707,707,12
2321155,709,707,12
2321165,702,707,12
2321175,708,707,12
2321185,706,707,12
2321196,703,707,12
2321206,709,707,12
2321216,701,707,12
2321226,708,707,12
2323716,718,707,11
2323726,713,707,11
2323736,711,707,11
2323746,706,707,11
2323757,711,707,11
2323767,704,707,11
2323777,707,707,11
2323787,709,707,11
2323798,703,707,11
2323808,709,707,11
2323818,705,707,11
2323828,706,707,11
2323838,709,707,11
2323849,701,707,11
2323859,708,707,11
2323869,706,707,11
2323879,704,707,11
2323889,709,707,11
2323900,702,707,11
2323910,710,707,11
2323920,711,707,11
2323930,705,707,11
2323940,711,707,11
2323951,705,707,11
2323961,708,707,11
2323971,710,707,11
2323981,700,707,11
2323991,709,707,11
2324002,704,707,11
2324012,706,707,11
2324022,709,707,11
2324032,700,707,11
2324042,708,707,11
2324053,706,707,11
2324063,703,706,12
2324073,709,706,12
2324083,702,706,12
2324093,706,706,12
2324104,711,706,12
2324114,704,706,12
2324124,711,706,12
2324134,704,706,12
2324144,708,706,12
2324155,711,706,12
2324165,704,706,12
2324175,710,706,12
2324185,707,706,12
2324195,708,706,12
2324206,712,706,12
2324216,704,706,12
2324226,711,706,12
2324236,710,707,11
2324246,705,706,12
2324257,711,707,11
2324267,703,706,12
2324277,706,706,12
2324287,709,706,12
2324298,699,706,12
2324308,710,706,12
2324318,704,706,12
2324328,706,706,12
2324338,709,706,12
2324349,700,706,12
2324359,708,706,12
2324369,706,706,12
2324379,703,706,12
2324389,709,706,12
2324400,702,706,12
2324410,709,706,12
2324420,707,706,12
2324430,703,706,12
2324440,709,706,12
2324451,704,706,12
2324461,709,706,12
2324471,709,706,12
2324481,701,706,12
2324492,708,706,12
2324502,705,706,12
2324512,706,706,12
2324522,708,706,12
2324532,701,706,12
2324543,710,706,12
2324553,708,706,12
2324563,705,706,12
2324573,712,706,12
2324583,703,706,12
2324594,709,706,12
2324604,712,706,12
2324614,705,706,12
2324624,712,706,12
2324634,705,706,12
2324645,709,706,12
2324655,711,706,12
2324665,703,706,12
2324675,712,706,13
2324685,710,707,11
2324696,706,707,11
2324706,711,707,12
2324716,700,706,13
2324726,708,706,13
2324737,707,706,13
2324747,704,706,13
2324757,710,706,13
2324767,703,706,13
2324777,707,706,13
2324788,709,706,13
2324798,701,706,13
2324808,709,706,12
2324818,703,706,12
2324828,705,706,12
2324839,710,706,12
2324849,703,706,12
2324859,710,706,13
2324869,708,706,12
2324879,706,706,12
2324890,712,706,13
2324900,705,706,13
2324910,709,706,13
2324920,710,706,13
2324930,704,706,13
2327420,719,706,13
2327430,708,706,12
2327440,712,706,12
2327451,705,706,12
2327461,710,706,12
2327471,712,706,13
2327481,705,706,13
2327491,711,706,13
2327502,705,706,13
2327512,707,706,13
2327522,710,707,12
2327532,701,706,13
2327542,708,706,13
2327553,706,707,12
2327563,704,706,13
2327573,709,706,13
2327583,701,706,13
2327593,706,706,13
2327604,710,707,12
2327614,705,706,13
2327624,711,706,13
2327634,704,706,13
2327644,710,706,13
2327655,710,706,13
2327665,702,706,13
2327675,709,706,13
2327685,704,706,13
2327696,706,706,13
2327706,709,706,13
2327716,700,706,13
2327726,708,706,13
2327736,707,706,13
2327747,703,706,13
2327757,709,706,13
2327767,703,706,13
2327777,708,706,13
2327787,708,707,12
2327798,702,706,13
2327808,709,706,13
2327818,702,706,13
2327828,706,706,12
2327838,709,706,12
2327849,700,706,13
2327859,708,706,13
2327869,704,706,13
2327879,704,706,12
2327889,710,706,13
2327900,704,706,13
2327910,710,706,12
2327920,708,706,12
2327930,704,706,12
2327940,711,706,12
2327951,704,706,12
2327961,709,706,12
2327971,711,706,12
2327981,703,706,12
2327991,710,706,13
2328002,705,706,12
2328012,708,706,12
2328022,712,706,12
2328032,703,706,12
2328042,710,706,12
2328053,709,706,12
2328063,706,706,12
2328073,712,706,12
2328083,704,706,12
2328093,709,706,12
2328104,710,707,11
2328114,706,707,11
2328124,711,707,11
2328134,705,707,11
2328144,710,707,11
2328155,713,707,12
2328165,702,707,12
2328175,710,707,12
2328185,705,707,12
2328195,705,707,12
2328206,710,707,12
2328216,700,707,12
2328226,708,707,12
2328236,707,707,12
2328246,702,707,12
2328257,709,707,12
2328267,702,707,12
2328277,707,707,12
2328287,709,707,12
2328297,702,707,12
2328308,712,707,12
2328318,704,707,12
2328328,708,706,13
2328338,710,707,12
2328348,703,706,13
2328359,709,706,13
2328369,705,706,13
2328379,704,706,12
2328389,710,706,12
2328400,702,706,12
2328410,707,706,12
2328420,706,706,12
2328430,702,706,12
2328440,709,706,12
2328451,702,706,12
2328461,707,706,12
2328471,708,706,12
2328481,700,706,12
2328491,708,706,12
2328502,705,706,12
2328512,707,706,12
2328522,708,706,12
2328532,700,706,12
2328542,708,706,12
2328553,707,706,12
2328563,704,706,12
2328573,711,706,12
2328583,703,706,12
2328593,709,706,12
2328604,710,706,12
2328614,704,706,12
2328624,710,706,12
2328634,704,706,12
2331124,718,706,12
2331134,704,706,12
2331144,708,706,12
2331155,710,706,12
2331165,704,706,12
2331175,712,706,12
2331185,708,706,12
2331195,708,706,12
2331206,710,706,12
2331216,704,706,12
2331226,711,706,12
2331236,709,706,12
2331246,707,706,12
2331257,713,706,12
2331267,703,706,12
2331277,709,706,12
2331287,710,706,12
2331297,702,706,12
2331308,710,706,12
2331318,703,706,12
2331328,706,706,12
2331338,708,706,12
2331348,700,706,12
2331359,708,706,12
2331369,704,706,12
2331379,705,706,12
2331389,710,706,12
2331399,699,706,12
2331410,708,706,12
2331420,706,706,12
2331430,704,706,12
2331440,709,706,12
2331450,701,706,12
2331461,708,706,12
2331471,711,706,12
2331481,703,706,12
2331491,710,706,13
2331501,705,706,12
2331512,708,706,12
2331522,711,706,12
2331532,703,706,12
2331542,710,706,13
2331552,708,706,12
2331563,706,706,12
2331573,712,706,13
2331583,704,706,13
2331593,709,706,12
2331603,709,706,12
2331614,703,706,12
2331624,709,706,12
2331634,702,706,13
2331644,706,706,12
2331654,708,706,12
2331665,700,706,13
2331675,708,706,12
2331685,704,706,12
2331695,705,706,12
2331706,707,706,12
2331716,702,706,12
2331726,709,706,12
2331736,708,706,12
2331746,705,706,12
2331757,712,706,12
2331767,702,706,12
2331777,707,706,12
2331787,709,706,12
2331797,702,706,12
2331808,709,706,12
2331818,703,706,12
2331828,707,706,12
2331838,709,706,12
2331848,700,706,12
2331859,709,706,12
2331869,706,706,12
2331879,705,706,12
2331889,709,706,12
2331899,701,706,12
2331910,707,706,12
2331920,707,706,11
2331930,702,706,12
2331940,708,706,12
2331950,702,706,12
2331961,708,706,12
2331971,711,706,12
2331981,702,706,12
2331991,711,706,12
2332001,705,706,12
2332012,708,706,11
2332022,710,706,12
2332032,702,706,12
2332042,710,706,12
2332052,710,706,12
2332063,706,706,12
2332073,711,706,12
2332083,704,706,12
2332093,710,706,12
2332103,710,706,12
2332114,703,706,12
2332124,710,706,12
2332134,702,706,12
2332144,706,706,12
2332154,709,706,12
2332165,700,706,12
2332175,709,706,12
2332185,704,706,12
2332195,706,706,12
2332206,709,706,12
2332216,703,706,12
2332226,710,706,12
2332236,708,706,12
2332246,705,706,12
2332257,712,706,12
2332267,703,706,12
2332277,708,706,12
2332287,709,706,12
2332297,701,706,12
2332308,709,706,12
2332318,703,706,12
2332328,706,706,12
2332338,709,706,12
2334828,718,706,12
2334838,711,706,12
2334848,700,706,13
2334859,708,706,12
2334869,708,706,12
2334879,706,706,12
2334889,710,706,12
2334899,703,706,12
2334910,710,706,12
2334920,709,706,12
2334930,704,706,12
2334940,708,706,12
2334950,703,706,12
2334961,707,706,12
2334971,709,706,12
2334981,701,706,12
2334991,708,706,12
2335001,703,706,12
2335012,706,706,12
2335022,709,706,12
2335032,700,706,12
2335042,708,706,12
2335052,706,706,12
2335063,705,706,12
2335073,711,706,12
2335083,704,706,12
2335093,709,706,12
2335103,710,706,11
2335114,704,706,11
2335124,711,706,12
2335134,704,706,12
2335144,709,706,12
2335154,714,706,12
2335165,704,706,12
2335175,709,706,12
2335185,707,706,12
2335195,709,706,12
2335206,711,706,12
2335216,703,706,12
2335226,708,706,12
2335236,708,706,12
2335246,704,706,12
2335257,709,706,12
2335267,702,706,12
2335277,707,706,12
2335287,709,706,12
2335297,702,706,12
2335308,708,706,12
2335318,703,706,12
2335328,708,706,12
2335338,710,706,12
2335348,703,706,12
2335359,711,706,12
2335369,708,706,12
2335379,706,706,11
2335389,712,706,12
2335399,704,706,12
2335410,709,706,12
2335420,708,706,12
2335430,703,706,12
2335440,710,706,12
2335450,701,706,12
2335461,707,706,12
2335471,709,706,12
2335481,701,706,12
2335491,708,706,12
2335501,704,706,12
2335512,705,706,12
2335522,708,706,12
2335532,700,706,12
2335542,707,706,12
2335552,707,706,12
2335563,706,706,11
2335573,710,706,12
2335583,704,706,12
2335593,708,706,12
2335603,712,706,12
2335614,705,706,12
2335624,711,706,12
2335634,706,706,12
2335644,709,706,12
2335655,711,706,12
2335665,702,706,12
2335675,711,706,12
2335685,708,706,12
2335695,708,706,12
2335706,712,706,12
2335716,701,706,12
2335726,709,706,12
2335736,709,706,12
2335746,704,706,12
2335757,710,706,12
2335767,702,706,12
2335777,707,706,12
2335787,710,706,12
2335797,702,706,12
2335808,709,706,12
2335818,702,706,12
2335828,705,706,12
2335838,709,706,12
2335848,700,706,12
2335859,708,706,12
2335869,708,706,12
2335879,706,706,12
2335889,711,706,12
2335899,704,706,12
2335910,711,706,12
2335920,708,706,12
2335930,703,706,12
2335940,709,706,12
2335950,702,706,12
2335961,706,706,12
2335971,709,706,12
2335981,701,706,12
2335991,709,706,12
2336001,704,706,12
2336012,706,706,12
2336022,708,706,12
2336032,700,706,12
2336042,711,706,12
2338532,719,706,12
2338542,714,706,13
2338552,710,706,13
2338563,705,706,12
2338573,710,706,13
2338583,703,706,13
2338593,709,706,13
2338603,710,706,13
2338614,701,706,13
2338624,711,706,13
2338634,707,706,13
2338644,708,706,13
2338655,711,706,13
2338665,704,706,13
2338675,712,706,13
2338685,708,707,12
2338695,707,707,12
2338706,711,707,12
2338716,704,707,12
2338726,711,707,12
2338736,711,707,12
2338746,706,707,12
2338757,713,707,12
2338767,705,707,12
2338777,710,707,12
2338787,711,707,12
2338797,703,707,12
2338808,709,707,12
2338818,704,707,12
2338828,706,707,12
2338838,710,707,12
2338848,701,707,12
2338859,708,707,12
2338869,706,707,12
2338879,704,707,12
2338889,710,707,12
2338899,699,707,13
2338910,710,706,13
2338920,709,707,12
2338930,702,706,14
2338940,708,706,14
2338950,702,706,14
2338961,704,706,14
2338971,708,706,14
2338981,700,706,14
2338991,709,706,14
2339001,704,706,14
2339012,705,706,14
2339022,710,706,14
2339032,701,706,14
2339042,708,706,14
2339052,708,706,14
2339063,705,706,14
2339073,711,706,14
2339083,704,706,14
2339093,709,706,14
2339103,710,706,14
2339114,702,706,14
2339124,712,706,14
2339134,705,706,14
2339144,709,706,14
2339154,712,707,13
2339165,703,706,14
2339175,711,706,14
2339185,708,707,13
2339195,706,707,13
2339205,710,707,13
2339216,702,707,13
2339226,707,707,13
2339236,707,707,13
2339246,702,707,13
2339256,708,707,13
2339267,702,707,13
2339277,708,707,13
2339287,711,707,13
2339297,705,707,13
2339308,711,707,13
2339318,706,707,13
2339328,709,707,13
2339338,712,707,13
2339348,703,707,13
2339359,712,707,13
2339369,709,707,13
2339379,706,707,13
2339389,711,707,13
2339399,703,707,13
2339410,708,707,13
2339420,709,707,13
2339430,703,707,13
2339440,709,707,13
2339450,702,707,13
2339461,707,706,14
2339471,710,707,13
2339481,701,707,13
2339491,707,706,14
2339501,704,706,14
2339512,706,706,14
2339522,708,707,13
2339532,700,706,14
2339542,708,706,14
2339552,706,707,13
2339563,703,706,14
2339573,710,706,14
2339583,702,706,14
2339593,707,706,14
2339603,710,706,14
2339614,702,706,14
2339624,709,706,14
2339634,704,706,14
2339644,705,706,14
2339654,710,706,14
2339665,703,706,14
2339675,711,706,14
2339685,707,706,14
2339695,707,706,14
2339705,710,707,13
2339716,702,706,14
2339726,709,707,13
2339736,708,707,13
2339746,704,707,12
2342236,721,707,13
2342246,709,706,13
2342256,713,707,13
2342267,706,707,13
2342277,711,707,13
2342287,712,707,13
2342297,704,707,13
2342307,714,707,13
2342318,708,707,13
2342328,708,707,13
2342338,712,707,13
2342348,704,707,13
2342358,709,707,13
2342369,707,707,13
2342379,703,707,13
2342389,710,707,13
2342399,703,707,13
2342409,708,707,13
2342420,708,707,13
2342430,702,706,14
2342440,709,706,14
2342450,703,706,14
2342460,707,706,13
2342471,712,706,14
2342481,702,706,14
2342491,711,706,14
2342501,707,706,14
2342511,707,706,14
2342522,712,706,14
2342532,704,706,14
2342542,711,706,14
2342552,710,707,13
2342562,706,707,13
2342573,712,707,13
2342583,703,707,13
2342593,707,707,13
2342603,709,707,12
2342614,701,707,13
2342624,709,707,13
2342634,704,707,13
2342644,706,707,13
2342654,709,707,12
2342665,701,707,13
2342675,708,707,13
2342685,709,707,12
2342695,706,707,12
2342705,712,707,12
2342716,703,707,12
2342726,710,707,12
2342736,711,707,12
2342746,704,707,12
2342756,711,707,12
2342767,705,707,12
2342777,710,707,12
2342787,710,707,12
2342797,702,707,13
2342807,710,707,13
2342818,704,707,12
2342828,705,707,12
2342838,710,707,12
2342848,702,707,13
2342858,709,707,12
2342869,706,707,12
2342879,703,707,12
2342889,710,707,12
2342899,701,707,13
2342909,706,707,13
2342920,708,707,12
2342930,700,707,13
2342940,710,707,13
2342950,705,707,13
2342960,707,707,13
2342971,711,707,13
2342981,702,707,13
2342991,711,707,13
2343001,707,707,13
2343011,706,707,13
2343022,712,707,13
2343032,703,707,13
2343042,710,707,13
2343052,711,707,13
2343062,705,707,13
2343073,710,707,13
2343083,703,707,13
2343093,706,707,13
2343103,710,707,13
2343114,701,707,13
2343124,709,707,13
2343134,702,707,13
2343144,706,706,14
2343154,708,707,13
2343165,701,706,14
2343175,708,706,14
2343185,709,707,13
2343195,705,707,13
2343205,712,707,13
2343216,705,707,13
2343226,710,707,13
2343236,711,707,13
2343246,705,707,13
2343256,711,707,13
2343267,704,707,13
2343277,709,707,13
2343287,712,707,13
2343297,702,707,13
2343307,710,707,13
2343318,703,707,13
2343328,704,707,13
2343338,708,707,13
2343348,702,707,13
2343358,709,707,13
2343369,707,707,13
2343379,702,707,13
2343389,710,707,13
2343399,702,707,13
2343409,706,707,13
2343420,709,707,13
2343430,701,707,13
2343440,709,707,13
2343450,704,707,13
2345940,718,707,13
2345950,706,707,13
2345960,706,707,12
2345970,709,707,12
2345981,703,706,13
2345991,710,706,13
2346001,709,706,13
2346011,706,706,13
2346022,712,706,13
2346032,704,706,13
2346042,711,706,13
2346052,712,706,13
2346062,705,706,13
2346073,711,706,13
2346083,706,707,12
2346093,708,706,13
2346103,712,707,12
2346113,702,707,12
2346124,712,707,12
2346134,708,707,12
2346144,707,707,12
2346154,711,707,12
2346164,703,707,12
2346175,708,707,12
2346185,707,707,12
2346195,703,707,12
2346205,709,707,12
2346215,701,707,12
2346226,706,706,13
2346236,709,707,12
2346246,704,706,13
2346256,713,706,13
2346266,706,706,13
2346277,709,706,13
2346287,712,707,12
2346297,703,707,12
2346307,712,707,12
2346317,708,707,12
2346328,704,707,12
2346338,712,707,12
2346348,701,707,13
2346358,708,707,13
2346368,709,707,12
2346379,702,707,12
2346389,709,707,12
2346399,702,707,13
2346409,705,706,13
2346419,708,707,12
2346430,699,706,14
2346440,708,706,14
2346450,704,706,14
2346460,704,706,13
2346470,709,706,13
2346481,699,706,14
2346491,710,706,14
2346501,709,706,14
2346511,706,706,14
2346522,710,706,14
2346532,704,706,14
2346542,708,706,14
2346552,711,706,14
2346562,704,706,14
2346573,710,706,14
2346583,705,706,14
2346593,708,706,14
2346603,709,706,13
2346613,705,706,13
2346624,710,706,14
2346634,708,707,12
2346644,707,707,12
2346654,711,707,12
2346664,703,707,12
2346675,711,707,12
2346685,709,707,12
2346695,704,707,12
2346705,709,707,12
2346715,702,707,12
2346726,707,706,13
2346736,709,707,12
2346746,701,706,13
2346756,708,706,13
2346766,702,706,13
2346777,705,706,13
2346787,709,706,13
2346797,703,706,13
2346807,709,706,13
2346817,707,706,13
2346828,707,706,13
2346838,713,707,12
2346848,702,706,13
2346858,708,706,13
2346868,709,707,12
2346879,703,707,12
2346889,709,707,12
2346899,702,706,13
2346909,707,706,13
2346919,709,706,13
2346930,701,706,13
2346940,708,706,13
2346950,704,706,13
2346960,705,706,13
2346970,708,706,13
2346981,700,706,13
2346991,708,706,13
2347001,707,706,12
2347011,704,706,12
2347022,711,706,13
2347032,704,706,13
2347042,710,706,13
2347052,712,706,13
2347062,704,706,13
2347073,711,706,13
2347083,706,706,13
2347093,708,706,13
2347103,712,706,13
2347113,702,706,13
2347124,712,706,13
2347134,708,707,12
2347144,706,707,12
2347154,712,707,12
2349644,720,707,13
2349654,716,707,13
2349664,704,707,13
2349675,711,707,13
2349685,711,707,13
2349695,704,707,13
2349705,710,707,13
2349715,704,707,13
2349726,707,707,13
2349736,710,707,13
2349746,702,707,13
2349756,709,707,13
2349766,705,707,13
2349777,705,707,13
2349787,709,707,13
2349797,700,707,13
2349807,707,706,14
2349817,706,706,14
2349828,703,706,14
2349838,709,706,14
2349848,702,706,14
2349858,706,706,14
2349868,709,706,14
2349879,702,706,14
2349889,709,706,14
2349899,704,706,14
2349909,707,706,14
2349919,708,706,14
2349930,701,706,14
2349940,711,706,14
2349950,707,706,14
2349960,706,706,14
2349970,711,706,14
2349981,704,706,14
2349991,710,706,14
2350001,709,706,14
2350011,706,706,13
2350021,711,706,13
2350032,704,706,13
2350042,708,706,13
2350052,711,706,13
2350062,703,706,13
2350072,712,706,13
2350083,705,706,13
2350093,709,706,13
2350103,711,706,13
2350113,703,706,13
2350123,712,707,13
2350134,707,707,12
2350144,705,707,12
2350154,708,707,12
2350164,702,707,12
2350174,708,707,12
2350185,707,707,12
2350195,701,707,12
2350205,711,707,12
2350215,705,707,12
2350225,708,707,12
2350236,711,707,12
2350246,703,707,12
2350256,710,707,12
2350266,707,707,12
2350276,708,707,12
2350287,711,707,12
2350297,703,707,12
2350307,711,707,12
2350317,709,707,12
2350328,706,707,12
2350338,708,707,12
2350348,703,707,12
2350358,707,707,12
2350368,710,707,12
2350379,702,707,12
2350389,709,707,12
2350399,702,706,13
2350409,706,706,13
2350419,709,707,12
2350430,702,706,13
2350440,708,706,13
2350450,705,707,12
2350460,703,706,13
2350470,710,707,12
2350481,702,707,12
2350491,706,706,13
2350501,707,707,12
2350511,702,706,13
2350521,709,706,13
2350532,702,706,13
2350542,708,706,13
2350552,709,706,13
2350562,703,706,13
2350572,711,706,13
2350583,705,706,13
2350593,708,706,13
2350603,710,706,13
2350613,702,706,13
2350623,710,706,13
2350634,708,707,12
2350644,705,706,13
2350654,711,707,12
2350664,705,707,12
2350674,710,707,12
2350685,711,707,12
2350695,705,707,12
2350705,713,707,12
2350715,705,707,12
2350725,710,707,12
2350736,711,707,12
2350746,703,707,12
2350756,711,707,12
2350766,706,707,12
2350776,705,707,12
2350787,709,707,12
2350797,700,707,12
2350807,707,707,12
2350817,707,707,12
2350827,703,707,12
2350838,711,707,12
2350848,704,707,12
2350858,706,706,13
2353348,718,706,12
2353358,709,706,12
2353368,710,706,12
2353379,702,706,12
2353389,710,706,12
2353399,704,706,12
2353409,706,706,11
2353419,710,706,12
2353430,701,706,12
2353440,708,706,12
2353450,706,706,12
2353460,704,706,12
2353470,709,706,12
2353481,702,706,12
2353491,707,706,12
2353501,708,706,11
2353511,704,706,11
2353521,712,706,12
2353532,704,706,12
2353542,708,706,12
2353552,712,706,12
2353562,702,706,12
2353572,711,706,12
2353583,706,707,11
2353593,707,706,12
2353603,711,707,11
2353613,704,707,11
2353623,712,707,11
2353634,710,707,11
2353644,707,707,11
2353654,713,707,11
2353664,706,707,11
2353674,709,707,11
2353685,711,707,11
2353695,703,707,11
2353705,709,707,11
2353715,703,707,11
2353725,706,707,11
2353736,709,707,11
2353746,701,707,11
2353756,708,707,11
2353766,704,707,11
2353776,703,706,12
2353787,710,706,12
2353797,701,706,12
2353807,707,706,12
2353817,707,706,12
2353827,702,706,12
2353838,711,706,12
2353848,704,706,12
2353858,710,706,12
2353868,711,706,12
2353879,703,706,12
2353889,712,706,13
2353899,708,707,11
2353909,705,706,12
2353919,709,707,11
2353930,701,706,12
2353940,709,706,12
2353950,707,706,12
2353960,705,706,12
2353970,710,706,12
2353981,703,706,12
2353991,710,706,12
2354001,712,706,12
2354011,702,706,12
2354021,711,706,13
2354032,704,706,13
2354042,708,706,13
2354052,711,706,13
2354062,703,706,13
2354072,712,706,13
2354083,706,706,13
2354093,707,706,13
2354103,712,707,12
2354113,703,707,12
2354123,710,707,12
2354134,708,707,12
2354144,704,707,12
2354154,709,707,12
2354164,702,707,12
2354174,707,707,12
2354185,709,707,12
2354195,701,707,12
2354205,710,707,12
2354215,702,707,12
2354225,705,707,12
2354236,711,707,12
2354246,700,707,12
2354256,708,707,12
2354266,706,707,12
2354276,704,707,12
2354287,711,707,12
2354297,703,707,12
2354307,709,707,12
2354317,708,707,12
2354328,705,707,12
2354338,710,707,12
2354348,702,707,12
2354358,706,706,13
2354368,708,707,12
2354379,701,706,13
2354389,708,706,13
2354399,704,706,13
2354409,706,706,13
2354419,711,706,13
2354430,703,706,13
2354440,710,706,13
2354450,709,706,13
2354460,704,706,13
2354470,711,706,13
2354481,704,706,13
2354491,709,706,13
2354501,712,706,13
2354511,704,706,13
2354521,711,706,13
2354532,705,706,13
2354542,709,706,13
2354552,711,707,12
2354562,703,706,13
2357052,720,707,13
2357062,702,706,14
2357072,709,706,14
2357083,706,706,13
2357093,704,706,13
2357103,709,706,13
2357113,701,706,14
2357123,707,706,13
2357134,708,706,13
2357144,701,706,13
2357154,710,706,14
2357164,702,706,14
2357174,705,706,14
2357185,711,706,14
2357195,702,706,14
2357205,711,706,14
2357215,706,706,14
2357225,706,706,14
2357236,711,706,14
2357246,703,706,14
2357256,711,706,14
2357266,710,706,14
2357277,706,706,14
2357287,713,706,14
2357297,705,706,14
2357307,709,706,14
2357317,711,707,13
2357328,704,706,14
2357338,709,706,14
2357348,704,706,14
2357358,706,706,13
2357368,708,706,13
2357379,701,706,13
2357389,709,706,13
2357399,704,706,13
2357409,704,706,13
2357419,707,706,13
2357430,702,706,13
2357440,708,706,13
2357450,706,706,13
2357460,702,706,13
2357470,707,706,13
2357481,702,706,13
2357491,708,706,13
2357501,711,706,13
2357511,703,706,13
2357521,711,706,13
2357532,706,706,13
2357542,708,706,13
2357552,710,706,13
2357562,700,706,13
2357572,710,706,13
2357583,706,706,13
2357593,703,706,13
2357603,709,706,13
2357613,699,706,13
2357623,708,706,13
2357634,707,706,13
2357644,702,706,13
2357654,710,706,13
2357664,702,706,13
2357674,707,706,13
2357685,710,706,13
2357695,701,706,13
2357705,715,706,14
2357715,706,706,14
2357725,707,706,14
2357736,711,706,14
2357746,703,706,14
2357756,710,706,14
2357766,710,706,14
2357777,705,706,13
2357787,712,706,14
2357797,705,706,14
2357807,709,706,13
2357817,710,706,14
2357828,704,706,13
2357838,711,706,14
2357848,704,706,14
2357858,707,706,14
2357868,709,706,13
2357879,702,706,14
2357889,709,706,14
2357899,705,706,13
2357909,704,706,13
2357919,709,706,13
2357930,702,706,13
2357940,705,706,13
2357950,707,706,13
2357960,703,706,13
2357970,709,706,13
2357981,702,706,13
2357991,707,706,13
2358001,708,706,13
2358011,702,706,13
2358021,711,706,13
2358032,706,706,13
2358042,707,706,13
2358052,710,706,13
2358062,704,706,13
2358072,711,706,13
2358083,707,706,13
2358093,706,706,13
2358103,711,706,13
2358113,702,706,13
2358123,708,706,13
2358134,708,706,13
2358144,701,706,13
2358154,708,706,13
2358164,701,706,13
2358174,707,706,13
2358185,708,706,13
2358195,701,706,13
2358205,709,706,13
2358215,706,706,13
2358225,707,706,13
2358236,711,706,13
2358246,702,706,13
2358256,710,706,13
2358266,709,706,13
2360756,721,706,13
2360766,712,706,13
2360776,706,706,13
2360787,712,706,14
2360797,706,706,14
2360807,710,706,14
2360817,712,706,14
2360827,703,706,14
2360838,711,706,14
2360848,705,706,14
2360858,707,706,14
2360868,709,706,14
2360878,700,706,14
2360889,708,706,14
2360899,707,706,14
2360909,705,706,13
2360919,711,706,14
2360929,701,706,14
2360940,708,706,14
2360950,708,706,14
2360960,702,706,13
2360970,708,706,13
2360980,702,706,13
2360991,706,706,13
2361001,709,706,13
2361011,701,706,13
2361021,708,706,13
2361031,704,706,13
2361042,706,706,13
2361052,711,706,13
2361062,704,706,13
2361072,710,706,13
2361082,709,706,13
2361093,705,706,13
2361103,712,706,13
2361113,704,706,13
2361123,707,706,13
2361133,712,706,14
2361144,700,706,14
2361154,710,706,14
2361164,702,706,14
2361174,705,706,14
2361185,708,706,14
2361195,701,706,14
2361205,709,706,14
2361215,705,706,14
2361225,706,706,14
2361236,711,706,14
2361246,704,706,14
2361256,709,706,14
2361266,710,706,14
2361276,705,706,13
2361287,712,706,14
2361297,704,706,14
2361307,709,706,14
2361317,711,706,14
2361327,704,706,14
2361338,711,706,14
2361348,706,706,14
2361358,708,706,13
2361368,711,707,13
2361378,702,706,14
2361389,710,706,14
2361399,708,707,12
2361409,707,706,13
2361419,713,707,12
2361429,704,707,12
2361440,710,707,12
2361450,711,707,12
2361460,705,707,12
2361470,712,707,12
2361480,704,707,12
2361491,708,707,12
2361501,710,707,12
2361511,701,706,13
2361521,709,706,13
2361531,705,706,13
2361542,706,706,13
2361552,710,706,13
2361562,701,706,13
2361572,708,706,13
2361582,707,706,13
2361593,704,706,13
2361603,709,706,13
2361613,701,706,13
2361623,706,706,13
2361633,710,706,13
2361644,701,706,14
2361654,710,706,14
2361664,702,706,14
2361674,706,706,14
2361684,709,707,13
2361695,701,706,14
2361705,708,706,14
2361715,704,706,14
2361725,704,706,14
2361735,708,706,14
2361746,703,706,14
2361756,709,706,14
2361766,709,706,14
2361776,705,706,13
2361786,711,706,14
2361797,705,706,14
2361807,709,706,14
2361817,710,706,14
2361827,703,706,14
2361837,712,706,14
2361848,703,706,14
2361858,706,706,14
2361868,709,707,12
2361878,700,706,14
2361889,708,706,14
2361899,705,706,14
2361909,703,706,14
2361919,708,706,14
2361929,702,706,14
2361940,710,706,14
2361950,710,706,14
2361960,703,706,14
2361970,712,706,14
2364460,714,706,13
2364470,715,706,13
2364481,707,706,13
2364491,709,706,13
2364501,712,706,13
2364511,703,706,13
2364521,711,706,13
2364532,710,706,13
2364542,707,706,13
2364552,713,706,13
2364562,704,706,13
2364572,709,706,13
2364583,712,707,12
2364593,706,707,12
2364603,712,707,12
2364613,706,707,12
2364623,708,707,12
2364634,711,707,12
2364644,701,707,12
2364654,709,707,12
2364664,704,707,12
2364674,706,707,12
2364685,709,707,12
2364695,701,707,12
2364705,708,707,12
2364715,705,707,12
2364725,703,707,12
2364736,710,707,12
2364746,702,707,12
2364756,706,707,12
2364766,709,707,12
2364776,700,707,12
2364787,711,707,13
2364797,706,707,13
2364807,707,706,13
2364817,710,707,12
2364827,702,707,13
2364838,711,706,13
2364848,708,707,12
2364858,707,707,12
2364868,712,707,12
2364878,704,707,12
2364889,709,707,12
2364899,708,707,12
2364909,702,707,12
2364919,710,707,12
2364930,702,707,12
2364940,706,707,12
2364950,708,707,12
2364960,701,707,12
2364970,711,707,12
2364981,706,707,12
2364991,708,707,12
2365001,711,707,12
2365011,703,707,12
2365021,712,707,12
2365032,711,707,12
2365042,707,707,12
2365052,711,707,12
2365062,704,707,12
2365072,709,707,12
2365083,711,707,12
2365093,705,707,12
2365103,711,707,12
2365113,705,707,12
2365123,709,707,12
2365134,711,707,12
2365144,702,707,12
2365154,709,707,12
2365164,705,707,12
2365174,706,707,12
2365185,710,707,12
2365195,701,706,13
2365205,708,706,13
2365215,706,707,12
2365225,702,706,13
2365236,711,707,12
2365246,701,706,13
2365256,707,706,13
2365266,709,707,12
2365276,702,706,13
2365287,712,707,13
2365297,704,707,13
2365307,708,706,13
2365317,711,707,12
2365327,703,707,12
2365338,712,707,13
2365348,707,707,12
2365358,706,707,12
2365368,711,707,12
2365378,703,707,12
2365389,710,707,12
2365399,710,707,12
2365409,706,707,12
2365419,711,707,12
2365430,703,707,12
2365440,707,707,12
2365450,709,707,12
2365460,701,707,12
2365470,709,707,12
2365481,704,707,12
2365491,705,707,12
2365501,709,707,12
2365511,699,707,13
2365521,711,707,13
2365532,710,707,13
2365542,706,707,13
2365552,711,707,13
2365562,705,707,13
2365572,710,707,13
2365583,711,707,12
2365593,704,707,12
2365603,712,707,13
2365613,705,707,13
2365623,709,707,13
2365634,712,707,13
2365644,704,707,13
2365654,712,707,13
2365664,707,707,13
2365674,706,707,12
2368165,718,707,13
2368175,705,707,12
2368186,711,707,13
2368196,703,707,13
2368206,707,707,13
2368216,708,707,12
2368226,701,707,13
2368237,711,707,13
2368247,706,707,13
2368257,709,707,12
2368267,711,707,12
2368277,703,707,13
2368288,711,707,12
2368298,710,707,12
2368308,707,707,12
2368318,712,707,12
2368328,705,707,13
2368339,711,707,13
2368349,711,707,12
2368359,704,707,12
2368369,712,707,13
2368379,702,707,13
2368390,708,707,13
2368400,709,707,12
2368410,701,707,13
2368420,710,707,13
2368430,707,707,13
2368441,709,707,13
2368451,711,707,13
2368461,702,707,13
2368471,710,707,13
2368481,710,707,12
2368492,705,707,12
2368502,713,707,13
2368512,704,707,13
2368522,710,707,13
2368532,712,707,13
2368543,705,707,13
2368553,713,707,13
2368563,705,707,13
2368573,709,707,13
2368583,711,707,13
2368594,702,707,13
2368604,710,707,13
2368614,705,707,13
2368624,705,707,13
2368634,711,707,13
2368645,701,707,13
2368655,708,707,13
2368665,708,707,13
2368675,702,707,13
2368686,710,707,13
2368696,702,707,13
2368706,707,707,13
2368716,709,707,13
2368726,701,707,13
2368737,709,707,13
2368747,704,707,13
2368757,705,707,13
2368767,708,707,13
2368777,700,707,13
2368788,710,707,13
2368798,708,707,13
2368808,705,707,13
2368818,710,707,13
2368828,704,707,13
2368839,712,707,13
2368849,712,707,13
2368859,704,707,13
2368869,711,707,13
2368879,705,707,13
2368890,709,707,13
2368900,711,707,13
2368910,703,707,13
2368920,710,707,13
2368930,706,707,13
2368941,707,707,13
2368951,709,707,13
2368961,700,707,13
2368971,709,707,13
2368981,707,707,13
2368992,704,707,13
2369002,711,707,13
2369012,704,707,13
2369022,708,707,13
2369032,713,707,13
2369043,705,707,13
2369053,712,707,13
2369063,704,707,13
2369073,709,707,13
2369083,710,707,13
2369094,703,707,13
2369104,710,707,13
2369114,708,707,13
2369124,707,707,13
2369134,713,707,13
2369145,703,707,13
2369155,709,707,13
2369165,708,707,13
2369175,703,707,13
2369185,711,707,13
2369196,702,707,13
2369206,706,707,13
2369216,710,707,13
2369226,702,707,13
2369237,709,707,13
2369247,704,707,13
2369257,705,707,13
2369267,709,707,13
2369277,700,707,13
2369288,710,707,13
2369298,705,707,13
2369308,704,707,13
2369318,710,707,13
2369328,701,707,13
2369339,708,707,13
2369349,710,707,13
2369359,702,707,13
2369369,711,707,13
2369379,704,707,13
2371869,716,707,13
2371879,703,707,13
2371889,708,707,13
2371899,712,707,13
2371910,702,707,13
2371920,711,707,13
2371930,707,707,13
2371940,708,707,13
2371950,712,707,13
2371961,705,707,13
2371971,711,707,13
2371981,711,707,13
2371991,707,707,13
2372001,710,707,13
2372012,702,707,13
2372022,706,707,13
2372032,709,707,13
2372042,702,707,13
2372053,709,707,13
2372063,703,707,13
2372073,706,707,13
2372083,709,707,12
2372093,701,707,13
2372104,711,707,13
2372114,707,707,12
2372124,707,707,12
2372134,713,707,13
2372144,704,707,13
2372155,711,707,13
2372165,709,707,13
2372175,705,707,13
2372185,711,707,13
2372195,706,707,13
2372206,709,707,12
2372216,710,707,12
2372226,703,707,12
2372236,712,707,12
2372246,706,707,12
2372257,709,707,12
2372267,711,707,12
2372277,704,707,12
2372287,710,707,12
2372297,709,707,12
2372308,707,707,12
2372318,713,707,12
2372328,705,707,12
2372338,712,707,12
2372348,712,707,12
2372359,705,707,12
2372369,714,707,13
2372379,706,707,12
2372389,709,707,12
2372399,712,707,12
2372410,703,707,12
2372420,712,707,13
2372430,708,707,12
2372440,708,707,12
2372450,711,707,12
2372461,703,707,12
2372471,711,707,13
2372481,709,707,12
2372491,706,707,12
2372501,713,707,12
2372512,705,707,12
2372522,710,707,12
2372532,712,707,13
2372542,704,707,12
2372552,712,707,12
2372563,704,707,12
2372573,710,707,12
2372583,713,707,13
2372593,704,707,13
2372603,711,707,13
2372614,708,707,13
2372624,708,707,13
2372634,714,707,13
2372644,706,707,13
2372654,712,707,13
2372665,712,707,13
2372675,705,707,13
2372685,712,707,13
2372695,704,707,13
2372705,708,707,13
2372716,711,707,13
2372726,701,707,13
2372736,710,707,13
2372746,703,707,13
2372756,706,707,13
2372767,710,707,13
2372777,701,707,13
2372787,708,707,13
2372797,705,707,13
2372807,702,707,13
2372818,708,707,13
2372828,701,707,14
2372838,708,707,13
2372848,709,707,13
2372858,702,707,13
2372869,710,707,13
2372879,703,707,13
2372889,707,707,13
2372899,709,707,13
2372909,701,707,13
2372920,710,707,13
2372930,706,707,13
2372940,707,707,13
2372950,711,707,13
2372960,703,707,13
2372971,710,707,13
2372981,709,707,13
2372991,706,707,13
2373001,712,707,13
2373011,704,707,13
2373022,708,707,13
2373032,710,707,13
2373042,701,707,13
2373052,709,707,13
2373063,703,707,13
2373073,708,707,13
2373083,711,707,13
2375573,720,707,14
2375583,714,707,14
2375593,701,707,14
2375603,708,707,14
2375614,709,707,14
2375624,705,707,14
2375634,712,707,14
2375644,703,707,14
2375654,711,707,14
2375665,711,707,14
2375675,705,707,14
2375685,712,707,14
2375695,704,707,14
2375705,708,707,14
2375716,712,707,14
2375726,705,707,14
2375736,712,707,14
2375746,708,707,14
2375756,706,707,14
2375767,710,707,14
2375777,701,707,14
2375787,708,707,14
2375797,708,707,14
2375808,703,707,14
2375818,710,707,14
2375828,702,707,14
2375838,707,707,14
2375848,710,707,14
2375859,704,707,14
2375869,710,707,14
2375879,707,707,14
2375889,707,707,14
2375899,712,707,14
2375910,701,707,14
2375920,708,707,14
2375930,706,707,14
2375940,702,707,14
2375950,710,707,14
2375961,703,707,14
2375971,708,707,14
2375981,709,707,14
2375991,702,707,14
2376001,710,707,14
2376012,702,707,14
2376022,707,707,14
2376032,709,707,14
2376042,701,707,14
2376052,709,707,14
2376063,706,707,14
2376073,705,707,14
2376083,709,707,14
2376093,700,707,14
2376103,709,707,14
2376114,708,707,14
2376124,705,707,14
2376134,711,707,14
2376144,703,707,14
2376154,709,707,14
2376165,711,707,14
2376175,705,707,14
2376185,712,707,14
2376195,705,707,14
2376205,709,707,14
2376216,712,707,14
2376226,703,707,14
2376236,711,707,14
2376246,708,707,14
2376256,707,707,13
2376267,710,707,13
2376277,702,707,14
2376287,708,707,13
2376297,707,707,13
2376307,703,707,13
2376318,709,707,13
2376328,701,707,13
2376338,706,707,13
2376348,711,707,13
2376359,702,707,13
2376369,711,707,13
2376379,705,707,13
2376389,707,706,14
2376399,711,707,13
2376410,703,706,14
2376420,710,706,14
2376430,707,707,13
2376440,704,706,14
2376450,709,707,13
2376461,703,707,13
2376471,709,707,13
2376481,709,707,12
2376491,703,707,13
2376501,709,707,13
2376512,702,707,13
2376522,705,707,13
2376532,708,707,12
2376542,700,707,13
2376552,709,707,13
2376563,706,707,13
2376573,703,707,13
2376583,709,707,12
2376593,700,706,14
2376603,707,706,14
2376614,709,707,13
2376624,705,707,13
2376634,711,707,13
2376644,705,707,13
2376654,709,707,13
2376665,711,707,13
2376675,702,707,13
2376685,711,707,13
2376695,706,707,13
2376705,709,707,13
2376716,711,707,13
2376726,703,707,13
2376736,711,707,13
2376746,708,707,13
2376756,707,707,13
2376767,710,707,13
2376777,702,707,13
2376787,709,707,13
2379277,716,707,12
2379287,708,706,12
2379297,710,707,11
2379307,702,707,11
2379318,712,707,12
2379328,705,707,12
2379338,708,706,12
2379348,712,707,12
2379359,704,707,11
2379369,712,707,12
2379379,707,707,12
2379389,707,706,12
2379399,713,707,12
2379410,704,707,12
2379420,710,707,11
2379430,710,707,11
2379440,704,706,12
2379450,713,707,12
2379461,704,707,12
2379471,709,707,12
2379481,710,707,11
2379491,701,707,12
2379501,710,707,12
2379512,704,707,12
2379522,707,707,12
2379532,708,707,11
2379542,700,707,12
2379552,709,707,12
2379563,708,707,12
2379573,706,707,12
2379583,712,707,12
2379593,704,707,12
2379603,709,707,12
2379614,711,707,12
2379624,705,707,12
2379634,712,707,12
2379644,705,707,12
2379654,709,707,12
2379665,710,707,12
2379675,701,707,12
2379685,709,707,12
2379695,704,707,12
2379705,706,707,12
2379716,709,707,12
2379726,700,707,12
2379736,709,707,12
2379746,706,707,12
2379756,704,707,12
2379767,709,707,12
2379777,701,707,12
2379787,706,707,12
2379797,710,707,12
2379807,701,707,12
2379818,710,707,12
2379828,704,707,12
2379838,708,707,12
2379848,711,707,12
2379859,703,707,12
2379869,710,707,12
2379879,707,707,12
2379889,706,707,12
2379899,715,707,12
2379910,704,707,12
2379920,710,707,12
2379930,710,707,12
2379940,705,707,12
2379950,712,707,12
2379961,707,707,12
2379971,708,707,12
2379981,713,707,12
2379991,704,707,12
2380001,713,707,13
2380012,705,707,12
2380022,706,707,12
2380032,709,707,12
2380042,700,707,13
2380052,708,707,12
2380063,705,707,12
2380073,702,707,12
2380083,709,707,12
2380093,703,707,12
2380103,708,707,12
2380114,710,707,12
2380124,705,707,12
2380134,712,707,12
2380144,704,707,12
2380154,709,707,12
2380165,708,707,12
2380175,701,707,13
2380185,708,707,13
2380195,704,707,12
2380205,705,707,12
2380216,708,707,12
2380226,700,707,13
2380236,711,707,13
2380246,707,707,12
2380256,703,707,12
2380267,707,707,12
2380277,702,707,13
2380287,710,707,13
2380297,712,707,12
2380308,703,707,13
2380318,710,707,13
2380328,705,707,13
2380338,708,707,12
2380348,713,707,13
2380359,704,707,13
2380369,710,707,13
2380379,707,707,12
2380389,706,707,12
2380399,713,707,13
2380410,704,707,13
2380420,710,707,13
2380430,712,707,13
2380440,706,707,13
2380450,714,707,13
2380461,703,707,13
2380471,708,707,13
2380481,710,707,13
2380491,701,707,13
2382981,719,707,14
2382991,702,707,14
2383002,709,707,14
2383012,708,707,14
2383022,706,707,13
2383032,710,707,13
2383042,703,707,14
2383053,709,707,13
2383063,710,707,13
2383073,706,707,13
2383083,712,707,13
2383093,704,707,14
2383104,709,707,13
2383114,712,707,13
2383124,704,707,13
2383134,712,707,14
2383144,708,707,13
2383155,709,707,13
2383165,713,707,13
2383175,704,707,13
2383185,711,707,14
2383195,708,707,13
2383206,706,707,13
2383216,710,707,13
2383226,701,707,13
2383236,708,707,13
2383246,710,707,13
2383257,705,707,13
2383267,713,707,13
2383277,704,707,13
2383287,709,707,13
2383298,712,707,13
2383308,703,707,14
2383318,713,707,14
2383328,707,707,14
2383338,706,707,13
2383349,711,707,14
2383359,702,707,14
2383369,709,707,14
2383379,708,707,13
2383389,704,707,13
2383400,710,707,13
2383410,702,707,14
2383420,707,707,14
2383430,708,707,13
2383440,701,707,13
2383451,709,707,14
2383461,703,707,14
2383471,705,707,14
2383481,709,707,13
2383491,700,707,14
2383502,709,707,14
2383512,706,707,13
2383522,704,707,13
2383532,709,707,13
2383542,701,707,14
2383553,708,707,13
2383563,709,707,13
2383573,702,707,14
2383583,709,707,14
2383593,702,707,14
2383604,707,707,13
2383614,708,707,13
2383624,700,707,13
2383634,709,707,13
2383644,705,707,13
2383655,707,707,13
2383665,712,707,13
2383675,702,707,14
2383685,710,707,13
2383695,709,707,13
2383706,706,707,13
2383716,712,707,13
2383726,703,707,13
2383736,709,707,13
2383746,711,707,13
2383757,703,707,13
2383767,711,707,13
2383777,706,707,13
2383787,709,707,13
2383797,713,707,13
2383808,704,707,13
2383818,711,707,13
2383828,708,707,13
2383838,707,707,13
2383848,713,707,13
2383859,702,707,14
2383869,708,707,14
2383879,708,707,13
2383889,704,707,13
2383899,710,707,13
2383910,703,707,13
2383920,709,707,14
2383930,710,707,13
2383940,704,707,13
2383950,711,707,13
2383961,704,707,13
2383971,705,707,13
2383981,709,707,13
2383991,699,707,14
2384002,708,707,13
2384012,705,707,13
2384022,703,707,13
2384032,709,707,13
2384042,702,707,13
2384053,707,707,13
2384063,707,707,13
2384073,703,707,13
2384083,711,707,13
2384093,704,707,13
2384104,709,707,13
2384114,711,707,13
2384124,703,707,13
2384134,713,707,13
2384144,707,707,13
2384155,708,707,13
2384165,711,707,13
2384175,703,707,13
2384185,710,707,13
2384195,709,707,13
2386686,718,707,13
2386696,711,707,12
2386706,701,707,13
2386717,710,707,13
2386727,707,707,13
2386737,709,707,13
2386747,712,707,13
2386757,704,707,13
2386768,712,707,13
2386778,708,707,13
2386788,705,707,13
2386798,710,707,13
2386808,702,707,13
2386819,709,707,13
2386829,709,707,13
2386839,702,707,13
2386849,709,707,13
2386859,704,707,13
2386870,707,707,13
2386880,710,707,13
2386890,700,707,13
2386900,708,707,13
2386910,706,707,13
2386921,706,707,13
2386931,709,707,12
2386941,701,707,13
2386951,709,707,13
2386961,709,707,13
2386972,705,706,13
2386982,711,707,13
2386992,704,706,14
2387002,709,706,13
2387012,712,707,12
2387023,705,706,13
2387033,712,707,12
2387043,706,707,12
2387053,710,707,12
2387063,713,707,12
2387074,704,707,12
2387084,712,707,13
2387094,708,707,13
2387104,707,707,13
2387114,712,707,13
2387125,701,707,13
2387135,708,707,13
2387145,708,707,13
2387155,703,707,13
2387166,710,707,13
2387176,702,707,13
2387186,708,707,13
2387196,710,707,12
2387206,702,707,13
2387217,709,707,13
2387227,706,707,13
2387237,708,707,13
2387247,712,707,12
2387257,703,707,13
2387268,712,707,13
2387278,709,707,13
2387288,706,707,13
2387298,712,707,13
2387308,703,707,13
2387319,709,707,13
2387329,710,707,12
2387339,702,707,13
2387349,710,707,13
2387359,703,707,13
2387370,707,707,13
2387380,708,707,12
2387390,701,707,13
2387400,709,707,13
2387410,705,707,13
2387421,706,707,12
2387431,708,707,12
2387441,700,707,13
2387451,708,707,12
2387461,708,707,12
2387472,703,707,12
2387482,709,707,12
2387492,701,707,13
2387502,707,707,12
2387512,712,707,12
2387523,702,707,13
2387533,711,707,13
2387543,705,707,13
2387553,710,707,12
2387563,711,707,12
2387574,704,707,12
2387584,710,707,13
2387594,708,707,12
2387604,708,707,12
2387614,712,707,12
2387625,703,707,13
2387635,710,707,13
2387645,710,707,13
2387655,705,707,12
2387665,711,707,13
2387676,704,707,13
2387686,707,707,13
2387696,709,707,12
2387706,701,707,12
2387716,707,707,12
2387727,704,707,12
2387737,705,707,12
2387747,709,707,12
2387757,700,707,12
2387768,708,707,12
2387778,708,707,12
2387788,705,707,12
2387798,712,707,12
2387808,704,707,12
2387819,709,707,12
2387829,710,707,12
2387839,703,707,12
2387849,710,707,12
2387859,702,707,12
2387870,707,707,12
2387880,709,707,12
2387890,702,707,12
2387900,710,707,12
2390390,717,707,12
2390400,711,707,12
2390410,707,707,12
2390421,705,707,12
2390431,712,707,12
2390441,705,707,12
2390451,711,707,12
2390461,711,707,12
2390472,704,707,12
2390482,712,707,12
2390492,705,707,12
2390502,710,707,12
2390512,713,707,12
2390523,703,707,12
2390533,712,707,12
2390543,707,707,12
2390553,707,707,12
2390563,710,707,12
2390574,702,707,12
2390584,709,707,12
2390594,709,707,12
2390604,704,707,12
2390614,709,707,12
2390625,703,707,12
2390635,706,707,12
2390645,710,707,12
2390655,702,707,12
2390665,708,707,12
2390676,705,707,12
2390686,707,707,12
2390696,712,707,12
2390706,703,707,12
2390717,711,707,12
2390727,708,707,12
2390737,705,707,12
2390747,712,707,12
2390757,706,707,12
2390768,711,707,12
2390778,711,707,12
2390788,705,707,12
2390798,712,707,12
2390808,705,707,12
2390819,710,707,12
2390829,711,707,12
2390839,704,707,12
2390849,712,707,12
2390859,706,707,12
2390870,708,707,12
2390880,710,707,12
2390890,702,707,12
2390900,708,707,12
2390910,706,707,12
2390921,704,707,12
2390931,710,707,12
2390941,702,707,12
2390951,707,707,12
2390961,709,707,12
2390972,702,707,12
2390982,711,707,12
2390992,704,707,12
2391002,709,707,12
2391012,710,707,12
2391023,703,707,12
2391033,708,707,12
2391043,706,707,11
2391053,705,707,11
2391063,707,707,11
2391074,702,707,11
2391084,707,707,11
2391094,707,707,11
2391104,702,707,11
2391114,709,707,11
2391125,704,707,11
2391135,709,707,11
2391145,712,707,11
2391155,702,707,11
2391166,710,707,11
2391176,706,707,11
2391186,709,707,11
2391196,710,707,11
2391206,703,707,11
2391217,712,707,11
2391227,708,707,11
2391237,707,707,11
2391247,712,707,11
2391257,704,707,11
2391268,709,707,11
2391278,712,707,11
2391288,705,707,11
2391298,713,707,11
2391308,704,707,11
2391319,709,707,11
2391329,710,707,11
2391339,702,707,11
2391349,709,707,11
2391359,704,707,11
2391370,705,707,11
2391380,708,707,11
2391390,701,707,11
2391400,708,707,11
2391410,707,707,11
2391421,703,707,11
2391431,711,707,11
2391441,704,707,11
2391451,710,707,11
2391461,711,707,11
2391472,704,707,11
2391482,710,707,11
2391492,704,707,11
2391502,706,707,11
2391512,709,707,11
2391523,702,707,11
2391533,708,707,11
2391543,705,707,11
2391553,704,707,11
2391563,709,707,11
2391574,701,707,11
2391584,707,707,11
2391594,708,707,11
2391604,702,707,11
2394094,721,707,12
2394104,707,707,12
2394114,715,707,12
2394125,706,707,12
2394135,708,707,12
2394145,711,707,12
2394155,704,707,12
2394166,711,707,12
2394176,707,707,12
2394186,706,707,12
2394196,712,707,12
2394206,704,707,12
2394217,711,707,12
2394227,711,707,12
2394237,705,707,12
2394247,712,707,12
2394257,706,707,12
2394268,711,707,12
2394278,712,707,12
2394288,704,707,12
2394298,711,707,12
2394308,706,707,12
2394319,709,707,12
2394329,711,707,12
2394339,703,707,12
2394349,711,707,12
2394359,709,707,12
2394370,706,707,12
2394380,711,707,12
2394390,706,707,12
2394400,710,707,12
2394410,711,707,12
2394421,706,707,12
2394431,711,707,12
2394441,706,707,12
2394451,710,707,12
2394461,713,707,12
2394472,704,707,12
2394482,711,707,12
2394492,707,707,12
2394502,707,707,12
2394512,712,707,12
2394523,703,707,12
2394533,710,707,12
2394543,708,707,12
2394553,703,707,12
2394563,710,707,12
2394574,702,707,12
2394584,708,707,12
2394594,710,707,12
2394604,701,707,12
2394614,709,707,12
2394625,702,707,12
2394635,707,707,12
2394645,708,707,12
2394655,700,707,12
2394665,709,707,12
2394676,706,707,12
2394686,706,707,12
2394696,710,707,12
2394706,704,707,12
2394716,709,707,12
2394727,710,707,12
2394737,705,707,12
2394747,712,707,12
2394757,705,707,12
2394767,710,707,12
2394778,710,707,12
2394788,703,707,12
2394798,711,707,13
2394808,705,707,12
2394819,708,707,12
2394829,712,707,12
2394839,703,707,13
2394849,710,707,12
2394859,709,707,12
2394870,707,707,12
2394880,712,707,12
2394890,704,707,12
2394900,712,707,13
2394910,712,707,13
2394921,705,707,12
2394931,711,707,13
2394941,705,707,13
2394951,708,707,12
2394961,712,707,13
2394972,704,707,13
2394982,711,707,13
2394992,708,707,13
2395002,709,707,12
2395012,712,707,12
2395023,703,707,12
2395033,711,707,13
2395043,710,707,12
2395053,707,707,12
2395063,712,707,12
2395074,704,707,13
2395084,710,707,13
2395094,713,707,13
2395104,705,707,13
2395114,711,707,13
2395125,706,707,13
2395135,708,707,13
2395145,711,707,13
2395155,704,707,13
2395165,710,707,13
2395176,708,707,12
2395186,708,707,12
2395196,712,707,13
2395206,704,707,13
2395216,710,707,13
2395227,711,708,11
2395237,704,708,12
2395247,710,708,12
2395257,703,708,12
2395267,706,708,12
2395278,710,708,11
2395288,702,708,12
2395298,709,708,12
2395308,704,708,11
2397798,721,708,11
2397808,707,708,11
2397818,709,708,11
2397829,713,708,11
2397839,704,708,11
2397849,710,708,11
2397859,708,708,11
2397869,703,708,11
2397880,710,708,11
2397890,702,708,12
2397900,707,707,12
2397910,710,708,11
2397920,702,707,12
2397931,710,707,12
2397941,704,707,12
2397951,706,707,12
2397961,710,707,12
2397971,701,707,12
2397982,708,707,12
2397992,705,707,12
2398002,705,707,12
2398012,709,707,12
2398022,702,707,12
2398033,708,707,12
2398043,707,707,12
2398053,702,707,12
2398063,710,707,12
2398073,703,707,12
2398084,707,707,12
2398094,708,707,12
2398104,700,707,12
2398114,711,707,12
2398124,706,707,12
2398135,707,707,12
2398145,710,707,12
2398155,703,707,12
2398165,711,707,12
2398175,709,707,12
2398186,707,707,12
2398196,713,707,12
2398206,703,707,13
2398216,710,707,12
2398226,713,707,13
2398237,705,707,13
2398247,712,707,13
2398257,706,707,13
2398267,711,707,13
2398277,713,707,13
2398288,703,707,13
2398298,709,707,13
2398308,704,707,13
2398318,706,707,13
2398328,710,707,12
2398339,701,707,13
2398349,709,707,13
2398359,707,707,12
2398369,704,707,12
2398379,710,707,13
2398390,701,707,13
2398400,709,707,13
2398410,712,707,13
2398420,704,707,13
2398431,713,707,13
2398441,705,707,13
2398451,709,707,13
2398461,712,707,13
2398471,704,707,13
2398482,711,707,13
2398492,708,707,13
2398502,705,707,13
2398512,712,707,13
2398522,703,707,13
2398533,710,707,13
2398543,709,707,13
2398553,705,707,13
2398563,712,707,13
2398573,706,707,13
2398584,710,707,13
2398594,711,707,13
2398604,704,707,13
2398614,713,707,13
2398624,706,707,13
2398635,706,707,13
2398645,711,707,13
2398655,701,707,13
2398665,709,707,13
2398675,706,707,13
2398686,704,707,13
2398696,709,707,13
2398706,702,707,13
2398716,708,707,13
2398726,708,707,13
2398737,701,707,13
2398747,711,707,13
2398757,704,707,13
2398767,708,707,13
2398778,711,707,13
2398788,703,707,13
2398798,709,707,13
2398808,705,707,13
2398818,706,707,13
2398829,709,707,13
2398839,701,707,13
2398849,708,707,13
2398859,707,707,13
2398869,702,707,13
2398880,708,707,13
2398890,701,707,13
2398900,706,707,13
2398910,709,707,13
2398920,702,707,13
2398931,708,707,13
2398941,703,707,13
2398951,708,707,13
2398961,710,707,13
2398971,702,707,13
2398982,712,707,13
2398992,707,707,13
2399002,707,707,13
2399012,712,707,13
2401502,720,707,13
2401512,715,707,14
2401522,704,707,14
2401533,712,707,13
2401543,711,707,14
2401553,704,707,14
2401563,711,707,14
2401573,704,707,14
2401584,708,707,14
2401594,710,707,13
2401604,701,707,14
2401614,709,707,14
2401624,705,707,13
2401635,706,707,13
2401645,709,707,13
2401655,703,707,13
2401665,710,707,13
2401675,709,707,13
2401686,703,707,13
2401696,710,707,13
2401706,702,707,14
2401716,708,707,14
2401726,710,707,13
2401737,702,707,14
2401747,709,707,14
2401757,702,707,14
2401767,706,707,14
2401777,709,707,13
2401788,701,707,14
2401798,709,707,14
2401808,705,707,13
2401818,705,707,13
2401828,709,707,13
2401839,702,707,14
2401849,709,707,14
2401859,709,707,13
2401869,705,707,13
2401880,711,707,13
2401890,704,707,13
2401900,710,707,13
2401910,711,707,13
2401920,704,707,13
2401931,712,707,13
2401941,706,707,13
2401951,708,707,13
2401961,712,707,13
2401971,706,707,13
2401982,710,707,13
2401992,708,707,13
2402002,705,707,13
2402012,710,707,13
2402022,702,707,13
2402033,707,707,13
2402043,707,707,12
2402053,702,707,13
2402063,709,707,13
2402073,702,707,13
2402084,706,707,13
2402094,708,707,12
2402104,700,707,13
2402114,708,707,13
2402124,705,707,13
2402135,707,707,12
2402145,708,707,12
2402155,702,707,12
2402165,711,707,12
2402175,710,707,12
2402186,705,707,12
2402196,712,707,12
2402206,702,707,13
2402216,706,706,13
2402226,708,707,12
2402237,700,706,14
2402247,710,706,14
2402257,704,706,14
2402267,708,706,13
2402277,709,706,13
2402288,702,706,13
2402298,711,706,13
2402308,708,706,13
2402318,706,706,13
2402329,712,706,13
2402339,703,706,13
2402349,709,706,13
2402359,710,706,13
2402369,705,706,13
2402380,711,706,13
2402390,704,706,13
2402400,710,706,13
2402410,712,707,13
2402420,704,706,14
2402431,712,707,13
2402441,705,707,13
2402451,708,707,12
2402461,713,707,13
2402471,704,707,13
2402482,712,707,13
2402492,708,707,13
2402502,706,707,13
2402512,713,707,13
2402522,704,707,13
2402533,709,707,13
2402543,709,707,13
2402553,704,707,13
2402563,710,707,13
2402573,702,707,13
2402584,707,707,13
2402594,709,707,13
2402604,699,707,13
2402614,709,707,13
2402624,704,707,13
2402635,705,707,13
2402645,710,707,13
2402655,701,707,13
2402665,708,707,13
2402675,705,707,13
2402686,703,707,13
2402696,709,707,13
2402706,705,707,13
2402716,709,707,13
2405206,717,707,12
2405216,710,707,12
2405226,709,707,12
2405236,704,706,13
2405247,710,706,12
2405257,702,706,13
2405267,708,706,12
2405277,711,707,12
2405288,702,706,13
2405298,711,706,13
2405308,707,707,12
2405318,707,706,12
2405328,711,707,12
2405339,702,707,12
2405349,710,707,12
2405359,709,707,12
2405369,704,707,12
2405379,711,707,12
2405390,704,707,12
2405400,708,707,12
2405410,711,707,12
2405420,703,707,12
2405430,713,707,12
2405441,706,707,12
2405451,706,707,12
2405461,709,707,12
2405471,701,707,12
2405481,709,707,12
2405492,706,707,12
2405502,705,707,12
2405512,708,707,12
2405522,700,707,12
2405532,706,707,12
2405543,708,707,12
2405553,701,707,12
2405563,708,707,12
2405573,701,707,12
2405583,706,706,13
2405594,708,707,12
2405604,700,706,13
2405614,708,706,13
2405624,704,706,13
2405634,706,706,13
2405645,709,706,13
2405655,700,706,13
2405665,707,706,13
2405675,707,706,13
2405685,704,706,13
2405696,713,706,13
2405706,704,706,13
2405716,709,706,13
2405726,710,706,13
2405736,706,706,13
2405747,712,706,13
2405757,704,706,13
2405767,710,706,13
2405777,712,706,13
2405787,704,706,13
